{
    "loss": 0.3825620710849762,
    "accuracy": 0.6666666865348816
}